gap_type	construction_type	mean_filler_effect
+gap	island	-2.4636702674897117
+gap	simple	-0.8634259259259256
-gap	island	1.0947145061728403
-gap	simple	0.18071228780864157
