gap_type	construction_type	mean_filler_effect
+gap	island	-1.330799221462673
+gap	simple	-0.672267459687732
-gap	island	0.2860645972357858
-gap	simple	0.36500186011904834
