gap_type	construction_type	mean_filler_effect
+gap	island	-2.4636702674897117
+gap	simple	-0.8634259259259256
-gap	island	2.1894290123456805
-gap	simple	0.36142457561728314
