gap_type	mean_filler_effect
+gap	0.23929398148148184
-gap	0.49981111754115215
