gap_type	construction_type	mean_filler_effect
+gap	island	-0.5205600565843618
+gap	simple	-0.565506044238683
-gap	island	1.1013213734567904
-gap	simple	0.8624051568930042
