gap_type	mean_filler_effect
+gap	-1.0015333405752025
-gap	0.3255332286774171
