gap_type	mean_filler_effect
+gap	-0.5430330504115224
-gap	0.9818632651748973
