gap_type	construction_type	mean_filler_effect
+gap	island	-1.1573548089890249
+gap	simple	-1.8290498860677076
-gap	island	0.6635509672619042
-gap	simple	0.5927641042073564
