gap_type	mean_filler_effect
+gap	-1.6635480967078187
-gap	0.6377133969907409
