gap_type	construction_type	mean_filler_effect
+gap	island	0.43865740740740833
+gap	simple	0.03993055555555536
-gap	island	0.9926376028806576
-gap	simple	1.006606867283951
