gap_type	construction_type	mean_filler_effect
+gap	island	-0.011574074074074403
+gap	simple	0.6033950617283956
-gap	island	-0.41304976851851904
-gap	simple	0.08743248456790198
