gap_type	construction_type	mean_filler_effect
+gap	island	0.03993055555555536
+gap	simple	0.43865740740740833
-gap	island	0.5033034336419755
-gap	simple	0.4963188014403288
