gap_type	construction_type	mean_filler_effect
+gap	island	-0.8634259259259256
+gap	simple	-2.4636702674897117
-gap	island	0.36142457561728314
-gap	simple	2.1894290123456805
