gap_type	mean_filler_effect
+gap	0.2959104938271606
-gap	-0.08140432098765427
